chrom1	start1	end1	symbol	chrom2	start2	end2	overlap
1	6245079	6259672	RPL22	1	6245088	6246878	1790
1	6245079	6259672	RPL22	1	6245089	6246878	1789
1	9711802	9788977	PIK3CD	1	9787004	9788973	1969
1	15817326	15850940	CASP9	1	15799949	15818262	936
1	17733255	17766220	RCC2	1	17733257	17735335	2078
1	17733255	17766220	RCC2	1	17733257	17735691	2434
1	17733255	17766220	RCC2	1	17733258	17735692	2434
1	17733255	17766220	RCC2	1	17733275	17735692	2417
1	17733255	17766220	RCC2	1	17733276	17735693	2417
1	22379119	22419437	CDC42	1	22417917	22419436	1519
1	22379119	22419437	CDC42	1	22412929	22418898	5969
1	22379119	22419437	CDC42	1	22412929	22418907	5978
1	22379119	22419437	CDC42	1	22412929	22419443	6508
1	22379119	22419437	CDC42	1	22412932	22418892	5960
1	36690016	36770958	THRAP3	1	36751966	36755357	3391
1	36690016	36770958	THRAP3	1	36769395	36770935	1540
1	40361097	40367685	MYCL	1	40361099	40362233	1134
1	71861622	72748417	NEGR1	1	72424540	72426034	1494
1	115247089	115259515	NRAS	1	115247099	115248396	1297
1	115247089	115259515	NRAS	1	115247104	115248138	1034
1	117057156	117113661	CD58	1	117074382	117075596	1214
1	117686208	117753556	VTCN1	1	117686214	117687850	1636
1	120454175	120612240	NOTCH2	1	120531870	120697156	80370
1	144851423	145075901	PDE4DIP	1	144876700	144881195	4495
1	144851423	145075901	PDE4DIP	1	144876700	144882865	6165
1	144851423	145075901	PDE4DIP	1	144876721	144881195	4474
1	144851423	145075901	PDE4DIP	1	144878693	144881195	2502
1	144851423	145075901	PDE4DIP	1	144886480	144889326	2846
1	144851423	145075901	PDE4DIP	1	144917676	144919024	1348
1	144851423	145075901	PDE4DIP	1	144917679	144919024	1345
1	144851423	145075901	PDE4DIP	1	144847776	144864619	13196
1	144851423	145075901	PDE4DIP	1	144883529	144916462	32933
1	144851423	145075901	PDE4DIP	1	144811667	144877742	26319
1	144851423	145075901	PDE4DIP	1	144823314	144857814	6391
1	144851423	145075901	PDE4DIP	1	144949143	144986041	36898
1	149784825	149785236	HIST2H3D	1	149753508	149799852	411
1	149784825	149785236	HIST2H3D	1	149626125	149799720	411
1	149811109	149812765	HIST2H3C	1	149789039	149815085	1656
1	149824180	149825836	HIST2H3A	1	149821860	149847929	1656
1	152274650	152297679	FLG	1	152275831	152280646	4815
1	152274650	152297679	FLG	1	152280691	152286484	5793
1	153430219	153433177	S100A7	1	153417139	153440911	2958
1	154129793	154164687	TPM3	1	154128839	154130197	404
1	154129793	154164687	TPM3	1	154128839	154130199	406
1	154129793	154164687	TPM3	1	154128845	154130199	406
1	154129793	154164687	TPM3	1	154128851	154130160	367
1	155204242	155211025	GBA	1	155200766	155213257	6783
1	161551100	161648444	FCGR2B	1	161518643	161565122	14022
1	161551100	161648444	FCGR2B	1	161560921	161599999	39078
1	161551100	161648444	FCGR2B	1	161642750	161646894	4144
1	161551100	161648444	FCGR2B	1	161600000	161646894	46894
1	164528871	164821068	PBX1	1	164818407	164820747	2340
1	240938814	241520530	RGS7	1	241082928	241084189	1261
1	240938814	241520530	RGS7	1	241082928	241084231	1303
1	240938814	241520530	RGS7	1	241082928	241084244	1316
1	240938814	241520530	RGS7	1	241082928	241084247	1319
1	240938814	241520530	RGS7	1	241082928	241084248	1320
1	240938814	241520530	RGS7	1	241082928	241084249	1321
1	240938814	241520530	RGS7	1	241082928	241084251	1323
1	240938814	241520530	RGS7	1	241082928	241084252	1324
1	240938814	241520530	RGS7	1	241082928	241084254	1326
1	240938814	241520530	RGS7	1	241082928	241084258	1330
1	240938814	241520530	RGS7	1	241082928	241084612	1684
1	240938814	241520530	RGS7	1	241082928	241084621	1693
1	240938814	241520530	RGS7	1	241082928	241084628	1700
1	240938814	241520530	RGS7	1	241082928	241084630	1702
1	240938814	241520530	RGS7	1	241082928	241084635	1707
1	240938814	241520530	RGS7	1	241082928	241084636	1708
1	240938814	241520530	RGS7	1	241082928	241084638	1710
1	240938814	241520530	RGS7	1	241082928	241084640	1712
1	240938814	241520530	RGS7	1	241082928	241084641	1713
1	240938814	241520530	RGS7	1	241082932	241084250	1318
1	240938814	241520530	RGS7	1	241082932	241084252	1320
1	240938814	241520530	RGS7	1	241082932	241084256	1324
1	240938814	241520530	RGS7	1	241082932	241084627	1695
1	240938814	241520530	RGS7	1	241082937	241084583	1646
1	240938814	241520530	RGS7	1	241082979	241084249	1270
1	240938814	241520530	RGS7	1	241082981	241084252	1271
1	240938814	241520530	RGS7	1	241082982	241084639	1657
1	240938814	241520530	RGS7	1	241082983	241084251	1268
1	240938814	241520530	RGS7	1	241083029	241084244	1215
1	240938814	241520530	RGS7	1	241083029	241084245	1216
1	240938814	241520530	RGS7	1	241083045	241084251	1206
1	240938814	241520530	RGS7	1	241083055	241084150	1095
1	240938814	241520530	RGS7	1	241083162	241084639	1477
1	240938814	241520530	RGS7	1	241083304	241084630	1326
1	240938814	241520530	RGS7	1	241083350	241084447	1097
1	240938814	241520530	RGS7	1	241083391	241084641	1250
1	245912864	246670519	SMYD3	1	246137835	246138884	1049
1	245912864	246670519	SMYD3	1	246138891	246139964	1073
2	25956621	26101385	ASXL2	2	26031541	26033585	2044
2	25956621	26101385	ASXL2	2	26031547	26033547	2000
2	25956621	26101385	ASXL2	2	26031553	26033585	2032
2	25956621	26101385	ASXL2	2	26031568	26032839	1271
2	25956621	26101385	ASXL2	2	26031568	26033585	2017
2	25956621	26101385	ASXL2	2	26032548	26033554	1006
2	25956621	26101385	ASXL2	2	26032561	26033569	1008
2	25956621	26101385	ASXL2	2	26045153	26046706	1553
2	25956621	26101385	ASXL2	2	26045799	26046958	1159
2	37070782	37193615	STRN	2	37163174	37166274	3100
2	37070782	37193615	STRN	2	37121543	37126569	5026
2	37070782	37193615	STRN	2	37147060	37159090	12030
2	37070782	37193615	STRN	2	37147064	37159090	12026
2	37070782	37193615	STRN	2	37148175	37163268	15093
2	48010220	48115858	FBXO11,MSH6	2	48042306	48043307	1001
2	70314584	70316332	PCBP1	2	70315212	70316274	1062
2	79412356	80875904	CTNNA2	2	80366541	80368144	1603
2	79412356	80875904	CTNNA2	2	80366542	80368144	1602
2	79412356	80875904	CTNNA2	2	80388465	80389935	1470
2	100162322	100759037	AFF3	2	100697051	100721195	24144
2	107021445	107084832	RGPD3	2	106995115	107081855	60410
2	107021445	107084832	RGPD3	2	106995115	107085183	63387
2	107021445	107084832	RGPD3	2	107010714	107036113	14668
2	107021445	107084832	RGPD3	2	107010714	107082823	61378
2	107021445	107084832	RGPD3	2	107010714	107083272	61827
2	107021445	107084832	RGPD3	2	107010714	107084874	63387
2	107021445	107084832	RGPD3	2	107036110	107082806	46696
2	107021445	107084832	RGPD3	2	107009231	107085882	63387
2	109335936	109402267	RANBP2	2	109331673	109388194	52258
2	109335936	109402267	RANBP2	2	109335793	109388194	52258
2	109335936	109402267	RANBP2	2	109335871	109388194	52258
2	109335936	109402267	RANBP2	2	109336192	109388194	52002
2	109335936	109402267	RANBP2	2	109338690	109388194	49504
2	173420734	173463862	PDK1	2	173462488	173463515	1027
2	190649106	190742355	PMS1	2	190687426	190689210	1784
2	212240445	213403565	ERBB4	2	212639123	212640493	1370
2	212240445	213403565	ERBB4	2	212639146	212640219	1073
2	212240445	213403565	ERBB4	2	212737404	212738703	1299
2	231090444	231223762	SP140	2	231151529	231182298	30769
2	232826292	233201907	DIS3L2	2	233185679	233189319	3640
2	232826292	233201907	DIS3L2	2	233188088	233189103	1015
2	232826292	233201907	DIS3L2	2	233189668	233192075	2407
2	232826292	233201907	DIS3L2	2	233191102	233192251	1149
2	232826292	233201907	DIS3L2	2	233193728	233204208	8179
3	10068097	10143614	FANCD2	3	10067138	10068470	373
3	10068097	10143614	FANCD2	3	10084415	10091016	6601
3	10068097	10143614	FANCD2	3	10084740	10086767	2027
3	10068097	10143614	FANCD2	3	10090238	10092014	1776
3	10068097	10143614	FANCD2	3	10132340	10133597	1257
3	10068097	10143614	FANCD2	3	10099091	10116035	16944
3	12625099	12705725	RAF1	3	12703202	12704268	1066
3	49721379	49726486	MST1	3	49721419	49726077	4658
3	49721379	49726486	MST1	3	49721419	49734543	5067
3	53528682	53847760	CACNA1D	3	53671701	53674103	2402
3	72798429	72897631	SHQ1	3	72798427	72799987	1558
3	73045935	73118350	PPP4R2	3	73113998	73115574	1576
3	73045935	73118350	PPP4R2	3	73113998	73116015	2017
3	73045935	73118350	PPP4R2	3	73113999	73115574	1575
3	77089036	77699115	ROBO2	3	77338423	77340302	1879
3	77089036	77699115	ROBO2	3	77338423	77341478	3055
3	77089036	77699115	ROBO2	3	77340325	77342200	1875
3	77089036	77699115	ROBO2	3	77341486	77344851	3365
3	77089036	77699115	ROBO2	3	77365037	77366768	1731
3	77089036	77699115	ROBO2	3	77365038	77366768	1730
3	77089036	77699115	ROBO2	3	77365039	77366768	1729
3	77089036	77699115	ROBO2	3	77365040	77366775	1735
3	77089036	77699115	ROBO2	3	77365041	77366756	1715
3	78646389	79816965	ROBO1	3	78844617	78845794	1177
3	136055076	136471210	STAG1	3	136454644	136456077	1433
3	169940152	170023769	PRKCI	3	170020827	170023765	2938
3	176741107	176915256	TBL1XR1	3	176738647	176743312	2205
3	178866310	178957881	PIK3CA	3	178932476	178939690	7214
3	178866310	178957881	PIK3CA	3	178955139	178962568	2742
3	181429721	181432221	SOX2	3	181430572	181432198	1626
3	182655861	182698431	DCUN1D1	3	182660152	182662308	2156
3	182655861	182698431	DCUN1D1	3	182660642	182662963	2321
3	185080907	185206885	MAP3K13	3	185135190	185136622	1432
3	185080907	185206885	MAP3K13	3	185135190	185136623	1433
3	185080907	185206885	MAP3K13	3	185135191	185136622	1431
3	185080907	185206885	MAP3K13	3	185135198	185136612	1414
3	185361526	185542844	IGF2BP2	3	185361526	185363414	1888
3	185361526	185542844	IGF2BP2	3	185361563	185363411	1848
3	185361526	185542844	IGF2BP2	3	185361579	185363414	1835
3	195473635	195539148	MUC4	3	195506461	195509963	3502
3	195473635	195539148	MUC4	3	195511288	195515533	4245
3	195473635	195539148	MUC4	3	195473005	195477792	4157
3	195473635	195539148	MUC4	3	195505720	195511213	5493
3	195473635	195539148	MUC4	3	195510013	195515531	5518
4	54244005	55164414	CHIC2,FIP1L1,PDGFRA	4	54953084	54954614	1530
4	54244005	55164414	CHIC2,FIP1L1,PDGFRA	4	55101174	55104782	3608
4	54244005	55164414	CHIC2,FIP1L1,PDGFRA	4	55118621	55122219	3598
4	66185280	66536213	EPHA5	4	66439066	66440089	1023
4	84382091	84406334	FAM175A	4	84382091	84384040	1949
4	87856153	88062206	AFF1	4	88060374	88062191	1817
4	99792834	99851788	EIF4E	4	99801099	99802285	1186
4	99792834	99851788	EIF4E	4	99801213	99802294	1081
5	218355	256815	SDHA	5	214342	218907	552
5	218355	256815	SDHA	5	218030	236765	18410
5	218355	256815	SDHA	5	218030	258215	38460
5	218355	256815	SDHA	5	218038	230652	12297
5	218355	256815	SDHA	5	235806	259327	21009
5	218355	256815	SDHA	5	237611	258469	19204
5	1253281	1295162	TERT	5	1282759	1283799	1040
5	1253281	1295162	TERT	5	1283799	1284835	1036
5	1253281	1295162	TERT	5	1289292	1290582	1290
5	1253281	1295162	TERT	5	1290594	1291883	1289
5	10971951	11904155	CTNND2	5	11673777	11675071	1294
5	23507723	23528706	PRDM9	5	23504220	23528686	20963
5	36152168	36184421	SKP2	5	36182660	36184132	1472
5	55236855	55290792	IL6ST	5	55235991	55237648	793
5	61808069	61808309	CKS1B	5	61807590	61810472	240
6	18128541	18155305	TPMT	6	18129945	18131012	1067
6	20402397	20493941	E2F3	6	20490400	20493936	3536
6	29909036	29913661	HLA-A	6	29911816	29912865	1049
6	29909036	29913661	HLA-A	6	29902358	29920461	4625
6	31236525	31239863	HLA-C	6	31204588	31243249	3338
6	31321648	31324964	HLA-B	6	31283726	31328270	3316
6	31939607	31949228	STK19	6	31948308	31967262	920
6	34204649	34214008	HMGA1	6	34212606	34213993	1387
6	34204649	34214008	HMGA1	6	34212606	34213994	1388
6	34204649	34214008	HMGA1	6	34212610	34213983	1373
6	36562144	36573377	SRSF3	6	36569482	36570688	1206
6	43543886	43583397	POLH	6	43555008	43557699	2691
6	43543886	43583397	POLH	6	43547635	43549576	1941
6	43543886	43583397	POLH	6	43547635	43549614	1979
6	43543886	43583397	POLH	6	43547635	43549638	2003
6	43543886	43583397	POLH	6	43547635	43549642	2007
6	43543886	43583397	POLH	6	43547635	43549643	2008
6	43543886	43583397	POLH	6	43547635	43549648	2013
6	43543886	43583397	POLH	6	43547636	43549615	1979
6	43543886	43583397	POLH	6	43547636	43549643	2007
6	43543886	43583397	POLH	6	43547637	43549648	2011
6	43543886	43583397	POLH	6	43547638	43549565	1927
6	43543886	43583397	POLH	6	43547638	43549581	1943
6	43543886	43583397	POLH	6	43547643	43549615	1972
6	43543886	43583397	POLH	6	43547643	43549642	1999
6	43543886	43583397	POLH	6	43547912	43549642	1730
6	43543886	43583397	POLH	6	43548182	43549578	1396
6	43543886	43583397	POLH	6	43548182	43549632	1450
6	43543886	43583397	POLH	6	43548182	43549642	1460
6	43543886	43583397	POLH	6	43548194	43549567	1373
6	64281916	64293492	PTP4A1	6	64289961	64291351	1390
6	105404922	105531207	LIN28B	6	105529619	105531192	1573
6	108882068	109005971	FOXO3	6	108984655	108986092	1437
6	108882068	109005971	FOXO3	6	109001027	109005972	4944
6	111981534	112194655	FYN	6	112037030	112038494	1464
6	136578000	136610989	BCLAF1	6	136580540	136582609	2069
6	136578000	136610989	BCLAF1	6	136596669	136599916	3247
6	139117062	139225207	ECT2L	6	139143872	139145688	1816
6	148663728	148873186	SASH1	6	148871279	148873157	1878
7	5566781	5570340	ACTB	7	5566780	5569297	2516
7	5566781	5570340	ACTB	7	5566781	5568331	1550
7	5566781	5570340	ACTB	7	5566781	5569035	2254
7	5566781	5570340	ACTB	7	5566781	5569293	2512
7	5566781	5570340	ACTB	7	5566781	5569296	2515
7	5566781	5570340	ACTB	7	5566781	5569297	2516
7	5566781	5570340	ACTB	7	5566782	5569296	2514
7	5566781	5570340	ACTB	7	5566788	5569296	2508
7	5566781	5570340	ACTB	7	5566789	5569297	2508
7	5566781	5570340	ACTB	7	5566792	5569297	2505
7	6012869	6048756	PMS2	7	6031452	6032641	1189
7	6012869	6048756	PMS2	7	6040350	6044327	3977
7	6012869	6048756	PMS2	7	6046016	6047634	1618
7	6012869	6048756	PMS2	7	5933268	6028676	15807
7	6012869	6048756	PMS2	7	6040350	6046030	5680
7	6012869	6048756	PMS2	7	6040350	6046202	5852
7	6012869	6048756	PMS2	7	6040350	6046492	6142
7	6012869	6048756	PMS2	7	6040350	6047507	7157
7	6012869	6048756	PMS2	7	6040350	6047525	7175
7	6012869	6048756	PMS2	7	6040350	6049558	8406
7	6012869	6048756	PMS2	7	6040350	6050429	8406
7	26191859	26226745	NFE2L3	7	26224150	26225920	1770
7	26191859	26226745	NFE2L3	7	26224150	26226731	2581
7	32997016	33046543	FKBP9	7	32999724	33047341	46819
7	57187320	57207571	ZNF479	7	57186251	57204863	17543
7	57187320	57207571	ZNF479	7	57187088	57200000	12680
7	57187320	57207571	ZNF479	7	57119090	57204863	17543
7	66452663	66460588	SBDS	7	66437680	66483957	7925
7	74072010	74175026	GTF2I	7	74142511	74248503	32515
7	74072010	74175026	GTF2I	7	74142511	74286040	32515
7	77646392	79082890	MAGI2	7	78453441	78454897	1456
7	91570180	91739987	AKAP9	7	91585021	91587211	2190
7	101459290	101901513	CUX1	7	101651442	101653910	2468
7	101459290	101901513	CUX1	7	101668382	101702920	34538
7	101459290	101901513	CUX1	7	101775641	101782949	7308
7	101459290	101901513	CUX1	7	101775641	101783925	8284
7	140434278	140624564	BRAF	7	140432131	140434570	292
7	141695678	141806547	MGAM	7	141789982	141799771	9789
7	141695678	141806547	MGAM	7	141740674	141760849	20175
7	141695678	141806547	MGAM	7	141760925	141771152	10227
7	141695678	141806547	MGAM	7	141771264	141787189	15925
7	142457329	142460921	PRSS1	7	142439407	142466536	3592
7	142457329	142460921	PRSS1	7	142457676	142468595	3245
7	142457329	142460921	PRSS1	7	142458216	142467308	2705
7	145813452	148118090	CNTNAP2	7	146608183	146609511	1328
7	145813452	148118090	CNTNAP2	7	147165984	147168577	2593
7	151163097	151217010	RHEB	7	151199590	151201402	1812
7	151163097	151217010	RHEB	7	151200319	151201402	1083
7	151832009	152133090	KMT2C	7	151994853	152001065	6212
7	151832009	152133090	KMT2C	7	152064715	152066105	1390
7	151832009	152133090	KMT2C	7	152073389	152092850	19461
7	151832009	152133090	KMT2C	7	152126546	152151518	6544
7	151832009	152133090	KMT2C	7	151901419	151989558	88139
7	151832009	152133090	KMT2C	7	151908023	151938464	30441
7	151832009	152133090	KMT2C	7	151908969	151938464	29495
8	11561712	11617511	GATA4	8	11616375	11617511	1136
8	30891316	31031285	WRN	8	30940152	30941531	1379
8	30891316	31031285	WRN	8	30941554	30942998	1444
8	54879115	54935089	TCEA1	8	54879115	54880674	1559
8	87878672	88395087	CNBD1	8	88373522	88375108	1586
8	108911544	109095876	RSPO2	8	108995219	108996995	1776
8	108911544	109095876	RSPO2	8	108995228	108996994	1766
8	108911544	109095876	RSPO2	8	108995234	108996981	1747
8	108911544	109095876	RSPO2	8	108995256	108996994	1738
8	108911544	109095876	RSPO2	8	108995497	108996994	1497
8	113235156	114449328	CSMD3	8	114025727	114027095	1368
8	117858173	117887105	RAD21	8	117858177	117859927	1750
9	214864	465255	DOCK8	9	320095	321254	1159
9	214864	465255	DOCK8	9	321315	322474	1159
9	8314245	10033790	PTPRD	9	10020266	10021395	1129
9	8314245	10033790	PTPRD	9	10021396	10022519	1123
9	80331002	80646374	GNAQ	9	80332400	80336430	4030
9	97861335	98079984	FANCC	9	97946950	97950245	3295
9	97861335	98079984	FANCC	9	98055275	98057299	2024
9	127908851	127952097	PPP6C	9	127913775	127914807	1032
9	128199672	128469513	MAPKAP1	9	128357907	128359157	1250
9	128199672	128469513	MAPKAP1	9	128357907	128359237	1330
9	128199672	128469513	MAPKAP1	9	128357912	128359167	1255
9	128199672	128469513	MAPKAP1	9	128357914	128359180	1266
9	128199672	128469513	MAPKAP1	9	128357914	128359234	1320
9	128199672	128469513	MAPKAP1	9	128357914	128359237	1323
9	128199672	128469513	MAPKAP1	9	128357914	128359253	1339
9	128199672	128469513	MAPKAP1	9	128357918	128359237	1319
9	128199672	128469513	MAPKAP1	9	128357949	128359180	1231
9	128199672	128469513	MAPKAP1	9	128357949	128359230	1281
9	128199672	128469513	MAPKAP1	9	128357949	128359235	1286
9	128199672	128469513	MAPKAP1	9	128357949	128359237	1288
9	128199672	128469513	MAPKAP1	9	128357949	128359239	1290
9	128199672	128469513	MAPKAP1	9	128357949	128359255	1306
9	128199672	128469513	MAPKAP1	9	128357956	128359237	1281
9	128199672	128469513	MAPKAP1	9	128357958	128359254	1296
9	128199672	128469513	MAPKAP1	9	128358147	128359237	1090
9	131451504	131458667	SET	9	131455914	131458664	2750
9	131451504	131458667	SET	9	131456978	131458670	1689
9	136895426	136933139	BRD3	9	136895428	136897168	1740
10	21823101	22032559	MLLT10	10	21912867	21914229	1362
10	21823101	22032559	MLLT10	10	21848379	21896192	47813
10	21823101	22032559	MLLT10	10	21877755	21891743	13988
10	31608053	31818741	ZEB1	10	31649867	31654396	4529
10	31608053	31818741	ZEB1	10	31649868	31654392	4524
10	31608053	31818741	ZEB1	10	31649868	31654396	4528
10	31608053	31818741	ZEB1	10	31649868	31654401	4533
10	31608053	31818741	ZEB1	10	31649868	31654402	4534
10	31608053	31818741	ZEB1	10	31649876	31654392	4516
10	31608053	31818741	ZEB1	10	31649876	31654396	4520
10	31608053	31818741	ZEB1	10	31650142	31654392	4250
10	31608053	31818741	ZEB1	10	31650147	31654392	4245
10	51565226	51590732	NCOA4	10	51584613	51590733	6119
10	51565226	51590732	NCOA4	10	51584613	51590734	6119
10	61548520	61666414	CCDC6	10	61548520	61550191	1671
10	70320412	70454239	TET1	10	70344825	70350901	6076
10	70320412	70454239	TET1	10	70372190	70374681	2491
10	81462982	81472507	NUTM2B	10	81462769	81474951	9525
10	81462982	81472507	NUTM2B	10	81439966	81474963	9525
10	81462982	81472507	NUTM2B	10	81459797	81474963	9525
10	81462982	81472507	NUTM2B	10	81454262	81636271	9525
10	88516406	88692595	BMPR1A	10	88683130	88684463	1333
10	88516406	88692595	BMPR1A	10	88683130	88684939	1809
10	88985204	88994735	NUTM2A	10	88982027	88997197	9531
10	88985204	88994735	NUTM2A	10	88984991	88997177	9531
10	88985204	88994735	NUTM2A	10	88976490	88997197	9531
10	88985204	88994735	NUTM2A	10	88976490	89152569	9531
10	89618917	89731687	KLLN,PTEN	10	89725041	89726315	1274
10	89618917	89731687	KLLN,PTEN	10	89725083	89726133	1050
10	93806448	94050844	CPEB3	10	93874931	93876014	1083
10	93806448	94050844	CPEB3	10	93878402	93879575	1173
10	93806448	94050844	CPEB3	10	93878402	93879649	1247
10	93806448	94050844	CPEB3	10	93878402	93879666	1264
10	96796529	96829254	CYP2C8	10	96804381	96806007	1626
10	118644307	118886097	KIAA1598	10	118781749	118783607	1858
10	118644307	118886097	KIAA1598	10	118781767	118783454	1687
10	129894922	129924649	MKI67	10	129899520	129901845	2325
11	14300295	14380730	RRAS2	11	14299467	14300973	678
11	57529268	57586650	CTNND1	11	57583767	57585917	2150
11	61560108	61564716	FEN1	11	61562810	61564710	1900
11	77926342	78128852	GAB2	11	78096074	78097930	1856
11	101981191	102104154	YAP1	11	102101442	102104154	2712
11	111957496	112064284	SDHD	11	112023188	112024329	1141
11	111957496	112064284	SDHD	11	112051283	112056051	4768
11	111957496	112064284	SDHD	11	112051307	112056051	4744
11	111957496	112064284	SDHD	11	112051347	112056019	4672
11	111957496	112064284	SDHD	11	112051362	112056054	4692
11	111957496	112064284	SDHD	11	112053800	112056046	2246
11	111957496	112064284	SDHD	11	112056910	112059672	2762
11	117014982	117041761	PAFAH1B2	11	117038140	117041761	3621
11	118620033	118661845	DDX6	11	118620911	118622806	1895
12	1100373	1605099	ERC1	12	1197093	1199998	2905
12	1100373	1605099	ERC1	12	1507597	1509593	1996
12	1100373	1605099	ERC1	12	1194125	1197070	2945
12	14518615	14651697	ATF7IP	12	14624479	14625582	1103
12	21621844	21654527	RECQL	12	21621437	21624184	2340
12	25357722	25403865	KRAS	12	25358182	25362848	4666
12	27677188	27848497	PPFIBP1	12	27728880	27736038	7158
12	27677188	27848497	PPFIBP1	12	27739437	27767260	27823
12	27677188	27848497	PPFIBP1	12	27770010	27810385	40375
12	31944122	31945175	H3F3C	12	31943546	31945111	989
12	69201955	69239214	MDM2	12	69235062	69237937	2875
12	69201955	69239214	MDM2	12	69236894	69237953	1059
12	79978653	80084877	PAWR	12	79981575	79984283	2708
12	79978653	80084877	PAWR	12	80044450	80045548	1098
12	92536285	92539673	BTG1	12	92536903	92538225	1322
12	112856717	112947717	PTPN11	12	112943626	112945449	1823
12	112856717	112947717	PTPN11	12	112943626	112947280	3654
12	112856717	112947717	PTPN11	12	112943630	112947717	4087
12	112856717	112947717	PTPN11	12	112943669	112947717	4048
12	112856717	112947717	PTPN11	12	112946639	112947711	1072
12	122459791	122498811	BCL7A	12	122498439	122499489	372
12	132434507	132565005	EP400	12	132445388	132446457	1069
13	20532922	20660886	ZMYM2	13	20531518	20533541	619
13	26828275	26979375	CDK8	13	26978091	26979351	1260
13	28874488	29069232	FLT1	13	28874541	28877505	2964
13	35516423	36246873	NBEA	13	35570689	35572138	1449
13	35516423	36246873	NBEA	13	35668649	35681560	12911
13	35516423	36246873	NBEA	13	35608629	35646831	38202
13	35516423	36246873	NBEA	13	35608629	35646833	38204
13	35516423	36246873	NBEA	13	35614226	35646833	32607
13	35516423	36246873	NBEA	13	35629018	35646833	17815
13	35516423	36246873	NBEA	13	35629708	35636256	6548
13	35516423	36246873	NBEA	13	35631976	35636256	4280
13	35516423	36246873	NBEA	13	35668649	35707903	39254
13	41129803	41240734	FOXO1	13	41193471	41196528	3057
13	48877910	49056122	RB1	13	48900510	48902636	2126
13	48877910	49056122	RB1	13	48900512	48902636	2124
13	48877910	49056122	RB1	13	48900513	48902343	1830
13	92050928	93519490	GPC5	13	92459473	92462025	2552
13	92050928	93519490	GPC5	13	92575983	92578633	2650
13	92050928	93519490	GPC5	13	92575983	92578635	2652
13	92050928	93519490	GPC5	13	92578675	92584005	5330
13	92050928	93519490	GPC5	13	92717427	92731253	13826
13	92050928	93519490	GPC5	13	92734390	92743570	9180
13	92050928	93519490	GPC5	13	92734390	92743748	9358
13	92050928	93519490	GPC5	13	92743791	92748243	4452
13	92050928	93519490	GPC5	13	92743967	92748243	4276
13	92050928	93519490	GPC5	13	92756957	92759555	2598
13	92050928	93519490	GPC5	13	92757022	92759565	2543
13	92050928	93519490	GPC5	13	92757127	92759555	2428
13	92050928	93519490	GPC5	13	92769996	92776118	6122
13	92050928	93519490	GPC5	13	92785251	92791574	6323
13	92050928	93519490	GPC5	13	92898231	92899586	1355
13	92050928	93519490	GPC5	13	92900319	92909082	8763
13	92050928	93519490	GPC5	13	92919027	92921644	2617
13	92050928	93519490	GPC5	13	93290986	93293411	2425
13	92050928	93519490	GPC5	13	93324006	93337791	13785
13	92050928	93519490	GPC5	13	92433472	92474219	40747
13	92050928	93519490	GPC5	13	92478107	92494295	16188
13	92050928	93519490	GPC5	13	92538192	92568025	29833
13	92050928	93519490	GPC5	13	92549319	92568025	18706
13	92050928	93519490	GPC5	13	92550072	92568025	17953
13	92050928	93519490	GPC5	13	92578675	92585991	7316
13	92050928	93519490	GPC5	13	92584866	92585991	1125
13	92050928	93519490	GPC5	13	92594949	92602963	8014
13	92050928	93519490	GPC5	13	92594954	92602945	7991
13	92050928	93519490	GPC5	13	92594988	92602963	7975
13	92050928	93519490	GPC5	13	92776197	92791569	15372
13	92050928	93519490	GPC5	13	93124001	93133169	9168
13	92050928	93519490	GPC5	13	93124001	93136012	12011
13	92050928	93519490	GPC5	13	93206802	93226379	19577
13	92050928	93519490	GPC5	13	93226799	93241865	15066
13	92050928	93519490	GPC5	13	93259459	93278307	18848
13	92050928	93519490	GPC5	13	93282886	93323619	40733
13	92050928	93519490	GPC5	13	93299445	93337789	38344
14	32546172	32628934	ARHGAP5	14	32559704	32563592	3888
14	32546172	32628934	ARHGAP5	14	32623823	32625573	1750
14	66974124	67648520	GPHN	14	67227221	67228836	1615
14	66974124	67648520	GPHN	14	67227221	67228837	1616
14	66974124	67648520	GPHN	14	67227223	67228843	1620
14	66974124	67648520	GPHN	14	67227225	67228619	1394
14	66974124	67648520	GPHN	14	67227227	67228839	1612
14	66974124	67648520	GPHN	14	67227234	67228843	1609
14	66974124	67648520	GPHN	14	67227240	67228835	1595
14	66974124	67648520	GPHN	14	67227261	67228843	1582
14	66974124	67648520	GPHN	14	67227262	67228366	1104
14	66974124	67648520	GPHN	14	67227279	67228866	1587
14	81421386	81612646	TSHR	14	81448033	81452139	4106
14	92432334	92506403	TRIP11	14	92432347	92436239	3892
14	92432334	92506403	TRIP11	14	92492763	92493908	1145
14	92432334	92506403	TRIP11	14	92492764	92493907	1143
14	92432334	92506403	TRIP11	14	92492765	92493908	1143
14	92432334	92506403	TRIP11	14	92492765	92493917	1152
14	92432334	92506403	TRIP11	14	92492766	92493911	1145
14	92432334	92506403	TRIP11	14	92492766	92493917	1151
14	92432334	92506403	TRIP11	14	92492772	92493914	1142
14	95556657	95603147	DICER1	14	95552566	95557002	345
15	49715292	49780972	FGF7	15	49764297	49782494	16675
15	49715292	49780972	FGF7	15	49768244	49782492	12728
15	49715292	49780972	FGF7	15	49768974	49780494	11520
15	49715292	49780972	FGF7	15	49768979	49782494	11993
15	49715292	49780972	FGF7	15	49769991	49780494	10503
15	50716578	50793276	USP8	15	50757240	50759319	2079
15	57210820	57582051	TCF12	15	57538771	57539939	1168
15	57210820	57582051	TCF12	15	57538771	57540181	1410
15	57210820	57582051	TCF12	15	57538782	57540173	1391
15	57210820	57582051	TCF12	15	57538782	57540179	1397
15	57210820	57582051	TCF12	15	57538782	57540181	1399
15	57210820	57582051	TCF12	15	57538802	57540086	1284
15	74833517	74890472	ARID3B	15	74887949	74890387	2438
15	75663470	75743926	SIN3A	15	75674262	75679319	5057
15	75663470	75743926	SIN3A	15	75675476	75679327	3851
15	75663470	75743926	SIN3A	15	75675481	75679319	3838
15	75663470	75743926	SIN3A	15	75675524	75679327	3803
15	75663470	75743926	SIN3A	15	75675642	75677969	2327
15	75663470	75743926	SIN3A	15	75677068	75678610	1542
16	2587964	2653189	PDPK1	16	2649224	2661356	3965
16	2587964	2653189	PDPK1	16	2584142	2634845	46881
16	12070594	12668146	SNX29	16	12123094	12147454	24360
16	18816174	18937776	SMG1	16	18930386	18936244	5858
16	18816174	18937776	SMG1	16	18930386	18938014	7390
16	18816174	18937776	SMG1	16	18930386	18942385	7390
16	18816174	18937776	SMG1	16	18867661	18899769	32108
16	18816174	18937776	SMG1	16	18867662	18937920	70114
16	18816174	18937776	SMG1	16	18867662	18942381	70114
16	18816174	18937776	SMG1	16	18867664	18893217	25553
16	18816174	18937776	SMG1	16	18867664	18919016	51352
16	18816174	18937776	SMG1	16	18867667	18919016	51349
16	75681683	75691330	TERF2IP	16	75690119	75691327	1208
16	89334037	89556969	ANKRD11	16	89334037	89335073	1036
17	5031686	5078329	USP6	17	5030600	5031956	270
17	5031686	5078329	USP6	17	5030600	5044243	12557
17	5031686	5078329	USP6	17	5032363	5042059	9696
17	5031686	5078329	USP6	17	5068083	5071895	3812
17	5031686	5078329	USP6	17	5071642	5078749	6687
17	5031686	5078329	USP6	17	5025776	5044243	12557
17	5031686	5078329	USP6	17	5027980	5044243	12557
17	5031686	5078329	USP6	17	5029372	5044243	12557
17	5031686	5078329	USP6	17	5044317	5056641	12324
17	5031686	5078329	USP6	17	5044317	5071895	27578
17	5031686	5078329	USP6	17	5071642	5079840	6687
17	5031686	5078329	USP6	17	5078128	5079871	201
17	5031686	5078329	USP6	17	5078128	5079880	201
17	11924140	12047147	MAP2K4	17	12044462	12047051	2589
17	15932470	16118863	NCOR1	17	16064857	16067509	2652
17	15932470	16118863	NCOR1	17	16064852	16073707	8855
17	15932470	16118863	NCOR1	17	16064857	16073707	8850
17	15932470	16118863	NCOR1	17	16064858	16073707	8849
17	15932470	16118863	NCOR1	17	16095696	16113542	17846
17	19990334	20218068	SPECC1	17	20014921	20018452	3531
17	19990334	20218068	SPECC1	17	20014985	20018420	3435
17	19990334	20218068	SPECC1	17	20014992	20018462	3470
17	19990334	20218068	SPECC1	17	20015006	20018446	3440
17	19990334	20218068	SPECC1	17	20015006	20018452	3446
17	19990334	20218068	SPECC1	17	20016184	20018446	2262
17	19990334	20218068	SPECC1	17	20136837	20138501	1664
17	19990334	20218068	SPECC1	17	20186751	20188705	1954
17	19990334	20218068	SPECC1	17	20213203	20278113	4865
17	29421944	29704695	NF1	17	29516481	29518740	2259
17	29421944	29704695	NF1	17	29520335	29523258	2923
17	29421944	29704695	NF1	17	29547632	29550115	2483
17	29421944	29704695	NF1	17	29547675	29550115	2440
17	29421944	29704695	NF1	17	29591781	29595301	3520
17	29421944	29704695	NF1	17	29672392	29675735	3343
17	29421944	29704695	NF1	17	29672430	29675744	3314
17	29421944	29704695	NF1	17	29673093	29675744	2651
17	29421944	29704695	NF1	17	29465300	29476906	11606
17	29421944	29704695	NF1	17	29522128	29529191	7063
17	29421944	29704695	NF1	17	29539034	29558731	19697
17	29421944	29704695	NF1	17	29539151	29558731	19580
17	29421944	29704695	NF1	17	29553066	29563303	10237
17	29421944	29704695	NF1	17	29555930	29557188	1258
17	29421944	29704695	NF1	17	29583190	29592706	9516
17	30264036	30328064	SUZ12	17	30263320	30313856	49820
17	34136458	34174246	TAF15	17	34136484	34138535	2051
17	36861794	36886056	MLLT6	17	36881023	36883440	2417
17	37026111	37078023	LASP1	17	37076217	37077789	1572
17	40351185	40428424	STAT5B	17	40370158	40373705	3547
17	40439884	40462878	STAT5A	17	40449290	40453482	4192
17	41196311	41277387	BRCA1	17	41268976	41283392	8411
17	47865916	47906458	KAT7	17	47904759	47906455	1696
17	55333894	55762046	MSI2	17	55760550	55761968	1418
17	56769933	56811703	RAD51C	17	56799138	56801066	1928
17	57232859	57279929	PRR11	17	57247875	57257775	9900
17	57232859	57279929	PRR11	17	57247875	57258163	10288
17	57232859	57279929	PRR11	17	57248011	57258144	10133
17	57232859	57279929	PRR11	17	57248011	57259897	11886
17	57232859	57279929	PRR11	17	57258595	57261678	3083
17	57232859	57279929	PRR11	17	57247875	57262169	14294
17	57232859	57279929	PRR11	17	57247875	57262186	14311
17	57232859	57279929	PRR11	17	57247960	57262169	14209
17	57232859	57279929	PRR11	17	57256640	57262182	5542
17	57232859	57279929	PRR11	17	57257912	57262190	4278
17	57232859	57279929	PRR11	17	57258595	57262182	3587
17	57232859	57279929	PRR11	17	57258645	57262190	3545
17	57970524	58027925	RPS6KB1	17	58026043	58027781	1738
17	57970524	58027925	RPS6KB1	17	58000000	58053031	27925
17	57970524	58027925	RPS6KB1	17	58000009	58021250	21241
17	57970524	58027925	RPS6KB1	17	58014458	58019681	5223
17	57970524	58027925	RPS6KB1	17	58014458	58021152	6694
17	57970524	58027925	RPS6KB1	17	58014458	58021161	6703
17	63006832	63052957	GNA13	17	63005414	63007206	374
17	73774656	73781567	H3F3B	17	73773539	73775266	610
17	79477013	79479806	ACTG1	17	79476996	79478357	1344
17	79477013	79479806	ACTG1	17	79477002	79479382	2369
17	79477013	79479806	ACTG1	17	79477002	79479389	2376
17	79477013	79479806	ACTG1	17	79477004	79479377	2364
17	79477013	79479806	ACTG1	17	79477302	79479171	1869
18	721747	812239	YES1	18	721755	724634	2879
18	721747	812239	YES1	18	721764	723328	1564
18	23596577	23670865	SS18	18	23596220	23597735	1158
18	42260137	42648475	SETBP1	18	42480677	42481906	1229
19	925999	975939	ARID3A	19	973174	975921	2747
19	925999	975939	ARID3A	19	973174	975923	2749
19	925999	975939	ARID3A	19	973176	975923	2747
19	7804882	7812420	CD209	19	7805361	7807289	1928
19	8959519	9092018	MUC16	19	9013144	9015986	2842
19	8959519	9092018	MUC16	19	9015990	9018805	2815
19	14625581	14629232	DNAJB1	19	14625586	14629247	3646
19	16178316	16212600	TPM4	19	16212071	16213815	529
19	50168822	50177173	BCL2L12	19	50173471	50174717	1246
20	1875153	1920543	SIRPA	20	1901735	1903283	1548
20	1875153	1920543	SIRPA	20	1917961	1919086	1125
20	30780305	30795594	PLAGL2	20	30780310	30790093	9783
20	39657457	39753127	TOP1	20	39751833	39753127	1294
20	39657457	39753127	TOP1	20	39751850	39753127	1277
20	52183603	52210378	ZNF217	20	52199801	52213467	10577
20	52183603	52210378	ZNF217	20	52208537	52210464	1841
20	52183603	52210378	ZNF217	20	52209798	52211358	580
21	37406838	37432848	SETD4	21	37423209	37424297	1088
22	23522396	23660224	BCR	22	23606140	23607175	1035
22	23522396	23660224	BCR	22	23658801	23663448	1423
22	23522396	23660224	BCR	22	23649112	23663448	11112
22	23522396	23660224	BCR	22	23652924	23663448	7300
22	23522396	23660224	BCR	22	23652925	23663448	7299
22	23522396	23660224	BCR	22	23656628	23663448	3596
22	29083749	29137826	CHEK2	22	29081917	29092380	8631
22	29083749	29137826	CHEK2	22	29071653	29090635	6886
22	29083749	29137826	CHEK2	22	29071653	29092380	8631
22	29083749	29137826	CHEK2	22	29071766	29090635	6886
22	29083749	29137826	CHEK2	22	29073577	29090635	6886
22	29999546	30094587	NF2	22	30004849	30005940	1091
22	39378351	39388809	APOBEC3B	22	39378102	39384033	5682
22	39378351	39388809	APOBEC3B	22	39384121	39389674	4688
22	42522500	42526908	CYP2D6	22	42519195	42528200	4408
22	42522500	42526908	CYP2D6	22	42522574	42527030	4334
X	1314889	1331527	CRLF2	X	1314234	2068238	16638
X	1581464	1656000	P2RY8	X	1314234	2068238	74536
X	15337577	15353645	PIGA	X	15337586	15343277	5691
X	20142635	20159962	EIF1AX	X	20143899	20146429	2530
X	37026431	37029739	FAM47C	X	37021502	37033512	3308
X	41192650	41209462	DDX3X	X	41207889	41209464	1573
X	41192650	41209462	DDX3X	X	41208053	41209446	1393
X	48114751	48126879	SSX1	X	48115929	48118188	2259
X	48114751	48126879	SSX1	X	48121151	48133603	5728
X	48114751	48126879	SSX1	X	48121151	48135996	5728
X	48114751	48126879	SSX1	X	48121660	48127740	5219
X	48114751	48126879	SSX1	X	48113003	48132984	12128
X	48114751	48126879	SSX1	X	48115909	48133619	10970
X	48114751	48126879	SSX1	X	48115942	48133619	10937
X	48114751	48126879	SSX1	X	48116610	48130141	10269
X	48114751	48126879	SSX1	X	48116610	48131317	10269
X	48114751	48126879	SSX1	X	48100846	48132516	12128
X	48242862	48252785	SSX4	X	48251752	48255756	1033
X	48242862	48252785	SSX4	X	48234882	48255756	9923
X	48242862	48252785	SSX4	X	48235509	48255754	9923
X	48242862	48252785	SSX4	X	48235509	48255756	9923
X	48242862	48252785	SSX4	X	48243428	48251197	7769
X	48242862	48252785	SSX4	X	48243428	48255756	9357
X	48242862	48252785	SSX4	X	48243442	48255756	9343
X	48242862	48252785	SSX4	X	48243444	48255747	9341
X	48242862	48252785	SSX4	X	48243758	48252779	9021
X	48242862	48252785	SSX4	X	48244977	48255738	7808
X	48242862	48252785	SSX4	X	48246703	48254762	6082
X	48242862	48252785	SSX4	X	48246703	48254816	6082
X	48242862	48252785	SSX4	X	48247213	48253729	5572
X	48242862	48252785	SSX4	X	48223932	48290364	9923
X	52725945	52736239	SSX2	X	52724958	52731232	5287
X	52725945	52736239	SSX2	X	52731645	52734533	2888
X	52725945	52736239	SSX2	X	52712041	52738869	10294
X	52725945	52736239	SSX2	X	52716562	52800000	10294
X	52725945	52736239	SSX2	X	52718544	52731729	5784
X	52725945	52736239	SSX2	X	52720712	52726856	911
X	52725945	52736239	SSX2	X	52721404	52743552	10294
X	52725945	52736239	SSX2	X	52721653	52734851	8906
X	52725945	52736239	SSX2	X	52722392	52734851	8906
X	52725945	52736239	SSX2	X	52727251	52744245	8988
X	52725945	52736239	SSX2	X	52668486	52755378	10294
X	64887536	64961791	MSN	X	64958385	64961789	3404
X	70586113	70685855	TAF1	X	70633685	70636868	3183
X	70586113	70685855	TAF1	X	70639081	70640779	1698
X	76760355	77041702	ATRX	X	76761193	76763069	1876
X	122993661	123041031	XIAP	X	123040835	123042873	196
X	132669772	133119922	GPC3	X	132751121	132752372	1251
X	132669772	133119922	GPC3	X	132797328	132798795	1467
X	132669772	133119922	GPC3	X	132797328	132798841	1513
X	132669772	133119922	GPC3	X	132896745	132897783	1038
X	132669772	133119922	GPC3	X	132896745	132897785	1040
X	132669772	133119922	GPC3	X	132896746	132897785	1039
X	132669772	133119922	GPC3	X	132896757	132897785	1028
X	132669772	133119922	GPC3	X	132896760	132897775	1015
X	132669772	133119922	GPC3	X	132896760	132897785	1025
X	132669772	133119922	GPC3	X	132896761	132897785	1024
X	132669772	133119922	GPC3	X	133107663	133112819	5156
